label,position,val-2,val-3,val-4,val-5,val-6,val-7,val-8,val-9
label_4,20,1,0,0,0,0,0,0,0
label_4,21,1,0,0,0,0,0,0,0
label_4,22,1,0,0,0,0,0,0,0
label_4,23,1,0,0,0,0,0,0,0
label_4,24,1,0,0,0,0,0,0,0
label_4,25,1,0,0,0,0,0,0,0
label_4,26,1,0,0,0,0,0,0,0
label_4,27,1,0,0,0,0,0,0,0
label_4,28,1,0,0,0,0,0,0,0
label_4,29,1,0,0,0,0,0,0,0
label_4,30,1,0,0,0,0,0,0,0
label_4,31,1,0,0,0,0,0,0,0
label_4,32,1,0,0,0,0,0,0,0
label_4,33,1,0,0,0,0,0,0,0
label_4,34,1,0,0,0,0,0,0,0
label_4,35,1,0,0,0,0,0,0,0
label_4,36,1,0,0,0,0,0,0,0
label_4,37,1,0,0,0,0,0,0,0
label_4,38,1,0,0,0,0,0,0,0
label_4,39,1,0,0,0,0,0,0,0
label_4,40,1,0,0,0,0,0,0,0
label_4,41,1,0,0,0,0,0,0,0
label_4,42,1,0,0,0,0,0,0,0
label_4,43,1,0,0,0,0,0,0,0
label_4,44,1,0,0,0,0,0,0,0
label_4,45,1,0,0,0,0,0,0,0
label_4,46,1,0,0,0,0,0,0,0
label_4,47,1,0,0,0,0,0,0,0
label_4,48,1,0,0,0,0,0,0,0
label_4,49,1,0,0,0,0,0,0,0
label_4,50,1,0,0,0,0,0,0,0
label_4,51,1,0,0,0,0,0,0,0
label_4,52,1,0,0,0,0,0,0,0
label_4,53,1,0,0,0,0,0,0,0
label_4,54,1,0,0,0,0,0,0,0
label_4,55,1,0,0,0,0,0,0,0
label_4,56,1,0,0,0,0,0,0,0
label_4,57,1,0,0,0,0,0,0,0
label_4,58,1,0,0,0,0,0,0,0
label_4,59,1,0,0,0,0,0,0,0
label_4,60,1,0,0,0,0,0,0,0
label_4,61,1,0,0,0,0,0,0,0
label_4,62,1,0,0,0,0,0,0,0
label_4,63,1,0,0,0,0,0,0,0
label_4,64,1,0,0,0,0,0,0,0
label_4,65,1,0,0,0,0,0,0,0
label_4,66,1,0,0,0,0,0,0,0
label_4,67,1,0,0,0,0,0,0,0
label_4,68,1,0,0,0,0,0,0,0
label_4,69,1,0,0,0,0,0,0,0
label_4,70,1,0,0,0,0,0,0,0
label_4,71,1,0,0,0,0,0,0,0
label_4,72,1,0,0,0,0,0,0,0
label_4,73,1,0,0,0,0,0,0,0
label_4,74,1,0,0,0,0,0,0,0
label_4,75,1,0,0,0,0,0,0,0
label_4,76,1,0,0,0,0,0,0,0
label_4,77,1,0,0,0,0,0,0,0
label_4,220,0,0,0,0,1,0,0,0
label_4,221,0,0,0,0,1,0,0,0
label_4,222,0,0,0,0,1,0,0,0
label_4,223,0,0,0,0,1,0,0,0
label_4,224,0,0,0,0,1,0,0,0
label_4,225,0,0,0,0,1,0,0,0
label_4,226,0,0,0,0,1,0,0,0
label_4,227,0,0,0,0,1,0,0,0
label_4,228,0,0,0,0,1,0,0,0
label_4,229,0,0,0,0,1,0,0,0
label_4,230,0,0,0,0,1,0,0,0
label_4,231,0,0,0,0,1,0,0,0
label_4,232,0,0,0,0,1,0,0,0
label_4,233,0,0,0,0,1,0,0,0
label_4,234,0,0,0,0,1,0,0,0
label_4,235,0,0,0,0,1,0,0,0
label_4,236,0,0,0,0,1,0,0,0
label_4,237,0,0,0,0,1,0,0,0
label_4,238,0,0,0,0,1,0,0,0
label_4,239,0,0,0,0,1,0,0,0
label_4,240,0,0,0,0,1,0,0,0
label_4,241,0,0,0,0,1,0,0,0
label_4,242,0,0,0,0,1,0,0,0
label_4,243,0,0,0,0,1,0,0,0
label_4,244,0,0,0,0,1,0,0,0
label_4,245,0,0,0,0,1,0,0,0
label_4,246,0,0,0,0,1,0,0,0
label_4,247,0,0,0,0,1,0,0,0
label_4,1368,1,0,0,0,0,0,0,0
label_4,1369,1,0,0,0,0,0,0,0
label_4,1370,1,0,0,0,1,0,1,0
label_4,1371,1,0,0,0,1,0,1,0
label_4,1372,1,0,0,0,1,0,1,0
label_4,1373,1,0,0,0,1,0,2,0
label_4,1374,1,0,0,0,1,1,2,0
label_4,1375,2,0,0,0,1,1,2,0
label_4,1376,2,1,0,0,1,1,2,0
label_4,1377,2,1,0,0,1,1,2,0
label_4,1378,2,1,0,0,1,1,2,0
label_4,1379,2,1,0,0,1,1,2,0
label_4,1380,3,1,0,0,2,1,2,0
label_4,1381,4,1,0,0,2,1,2,0
label_4,1382,4,1,0,0,2,1,2,0
label_4,1383,4,1,0,0,3,1,2,0
label_4,1384,4,1,0,0,3,1,2,0
label_4,1385,5,1,0,0,3,1,2,0
label_4,1386,5,1,0,0,3,1,4,0
label_4,1387,5,2,0,0,7,1,4,0
label_4,1388,5,2,0,0,7,1,4,0
label_4,1389,5,2,0,0,8,1,5,1
label_4,1390,5,2,0,0,8,1,5,1
label_4,1391,5,2,0,0,8,1,5,1
label_4,1392,5,2,0,0,8,1,5,1
label_4,1393,5,3,0,0,8,1,5,1
label_4,1394,5,3,0,0,8,1,5,1
label_4,1395,5,3,0,0,8,1,5,1
label_4,1396,6,3,0,0,8,1,5,1
label_4,1397,6,3,0,0,8,1,5,1
label_4,1398,6,4,0,0,9,1,5,1
label_4,1399,6,4,0,0,9,1,5,1
label_4,1400,6,4,0,0,9,1,5,1
label_4,1401,6,4,0,0,9,1,5,1
label_4,1402,6,4,0,0,9,1,5,2
label_4,1403,7,4,0,0,9,1,5,2
label_4,1404,8,4,0,0,9,1,5,2
label_4,1405,8,5,0,0,9,1,5,2
label_4,1406,8,5,0,0,9,1,5,2
label_4,1407,8,5,0,0,9,1,5,2
label_4,1408,8,5,0,0,9,1,5,2
label_4,1409,8,5,0,0,10,1,5,2
label_4,1410,8,5,0,0,10,1,6,2
label_4,1411,8,5,0,0,10,1,6,2
label_4,1412,8,5,0,0,10,3,6,2
label_4,1413,8,5,0,0,10,3,6,2
label_4,1414,8,5,0,0,10,4,6,2
label_4,1415,8,5,0,0,10,4,6,2
label_4,1416,8,5,0,0,10,4,6,2
label_4,1417,8,5,0,0,10,4,6,2
label_4,1418,8,5,0,0,10,4,6,2
label_4,1419,8,5,0,0,10,4,6,2
label_4,1420,8,6,0,0,10,4,6,2
label_4,1421,8,6,0,0,10,4,6,2
label_4,1422,8,6,0,0,10,4,6,2
label_4,1423,8,6,0,0,10,4,6,2
label_4,1424,7,6,0,0,10,4,6,2
label_4,1425,7,6,0,0,10,4,6,2
label_4,1426,7,6,0,0,10,4,6,2
label_4,1427,7,6,0,0,10,4,6,2
label_4,1428,7,6,0,0,10,4,6,2
label_4,1429,7,5,0,0,10,4,6,2
label_4,1430,7,5,0,0,10,4,6,2
label_4,1431,7,5,0,0,10,4,6,2
label_4,1432,7,5,0,0,10,4,6,2
label_4,1433,7,5,0,0,10,4,6,2
label_4,1434,7,5,0,0,10,4,6,2
label_4,1435,6,5,0,0,10,4,6,2
label_4,1436,6,4,0,0,10,4,6,2
label_4,1437,6,4,0,0,10,4,6,2
label_4,1438,6,4,0,0,10,4,6,2
label_4,1439,6,4,0,0,10,4,6,2
label_4,1440,6,4,0,0,10,4,6,2
label_4,1441,6,4,0,0,10,4,6,2
label_4,1442,6,4,0,0,10,4,6,2
label_4,1443,6,4,0,0,10,4,6,2
label_4,1444,6,4,0,0,9,4,6,2
label_4,1445,6,4,0,0,9,4,6,2
label_4,1446,6,4,0,0,9,4,6,2
label_4,1447,6,4,0,0,9,4,6,2
label_4,1448,6,4,0,0,7,4,6,2
label_4,1449,6,4,0,0,7,4,6,2
label_4,1450,6,4,0,0,7,4,6,2
label_4,1451,6,4,0,0,7,4,6,2
label_4,1452,7,4,0,0,7,4,6,2
label_4,1453,7,4,0,0,7,4,6,2
label_4,1454,7,4,0,0,7,4,6,2
label_4,1455,7,5,0,0,7,5,6,2
label_4,1456,7,5,0,0,7,5,6,2
label_4,1457,7,5,0,0,7,5,6,2
label_4,1458,6,5,0,0,7,5,6,2
label_4,1459,6,5,0,0,7,5,6,2
label_4,1460,6,5,0,0,7,6,6,2
label_4,1461,6,5,0,0,7,6,6,2
label_4,1462,6,5,0,0,7,6,6,2
label_4,1463,6,5,0,0,7,6,6,2
label_4,1464,6,5,0,0,7,6,6,2
label_4,1465,6,5,0,0,7,6,6,2
label_4,1466,6,5,0,0,7,6,6,2
label_4,1467,6,5,0,0,7,6,6,2
label_4,1468,6,5,0,0,7,6,6,2
label_4,1469,6,5,0,0,7,6,6,2
label_4,1470,6,5,0,0,7,6,6,2
label_4,1471,6,5,0,0,7,6,6,2
label_4,1472,6,5,0,0,7,6,6,2
label_4,1473,5,5,0,0,7,5,6,2
label_4,1474,5,5,0,0,7,5,6,2
label_4,1475,5,5,0,0,7,5,6,2
label_4,1476,5,5,0,0,3,5,6,2
label_4,1477,5,5,0,0,3,5,6,2
label_4,1478,5,5,0,0,3,5,6,2
label_4,1479,5,5,0,0,3,5,6,2
label_4,1480,4,5,0,0,3,5,6,2
label_4,1481,4,5,0,0,3,5,6,2
label_4,1482,4,5,0,0,3,5,6,2
label_4,1483,4,5,0,0,3,5,6,2
label_4,1484,4,5,0,0,3,5,6,2
label_4,1485,4,5,0,0,3,5,6,2
label_4,1486,4,4,0,0,3,5,6,2
label_4,1487,4,4,0,0,3,5,6,2
label_4,1488,4,4,0,0,3,5,6,2
label_4,1489,4,4,0,0,3,5,6,2
label_4,1490,4,4,0,0,3,5,6,2
label_4,1491,4,4,0,0,3,5,6,2
label_4,1492,4,4,0,0,3,5,6,2
label_4,1493,4,4,0,0,3,5,6,2
label_4,1494,4,4,0,0,3,5,6,2
label_4,1495,4,4,0,0,3,5,6,2
label_4,1496,4,4,0,0,3,5,6,2
label_4,1497,4,4,0,0,3,5,6,2
label_4,1498,4,4,0,0,3,5,6,2
label_4,1499,4,4,0,0,3,5,6,2
label_4,1500,4,4,0,0,3,5,6,2
label_4,1501,4,4,0,0,3,5,6,2
label_4,1502,4,4,0,0,3,5,6,2
label_4,1503,4,4,0,0,3,5,6,2
label_4,1504,4,4,0,0,3,5,6,2
label_4,1505,4,4,0,0,3,5,6,2
label_4,1506,4,4,0,0,3,5,5,2
label_4,1507,4,4,0,0,2,5,5,2
label_4,1508,4,4,0,0,2,5,5,2
label_4,1509,4,4,0,0,2,5,5,2
label_4,1510,3,4,0,0,2,4,5,2
label_4,1511,3,4,0,0,2,4,5,2
label_4,1512,3,4,0,0,2,4,5,2
label_4,1513,3,4,0,0,2,4,2,2
label_4,1514,3,4,0,0,2,4,2,2
label_4,1515,3,4,0,0,2,4,2,2
label_4,1516,3,4,0,0,2,4,2,2
label_4,1517,3,4,0,0,2,4,2,2
label_4,1518,3,4,0,0,2,4,2,2
label_4,1519,3,3,0,0,2,2,2,2
label_4,1520,3,3,0,0,2,2,2,2
label_4,1521,3,3,0,0,2,2,2,2
label_4,1522,2,3,0,0,2,2,2,2
label_4,1523,2,3,0,0,2,2,2,2
label_4,1524,2,3,0,0,2,2,1,2
label_4,1525,2,3,0,0,2,2,1,2
label_4,1526,2,3,0,0,2,2,1,2
label_4,1527,2,3,0,0,2,2,1,2
label_4,1528,2,3,0,0,2,2,1,2
label_4,1529,2,3,0,0,2,2,1,2
label_4,1530,2,3,0,0,2,2,1,2
label_4,1531,2,3,0,0,2,2,1,2
label_4,1532,2,3,0,0,2,2,1,2
label_4,1533,2,3,0,0,2,2,1,2
label_4,1534,2,3,0,0,2,2,1,2
label_4,1535,2,3,0,0,2,2,1,2
label_4,1536,2,2,0,0,2,2,1,2
label_4,1537,2,2,0,0,2,2,1,2
label_4,1538,2,1,0,0,1,0,1,2
label_4,1539,2,1,0,0,1,0,1,2
label_4,1540,2,1,0,0,1,0,0,1
label_4,1541,2,1,0,0,1,0,0,1
label_4,1542,2,1,0,0,1,0,0,1
label_4,1543,2,1,0,0,1,0,0,1
label_4,1544,0,0,0,0,1,0,0,1
label_4,1552,0,0,1,0,0,0,0,0
label_4,1553,0,0,1,0,0,0,0,0
label_4,1554,0,0,1,0,0,0,0,0
label_4,1555,0,0,1,0,0,0,0,0
label_4,1556,0,0,1,0,0,0,0,0
label_4,1557,0,0,1,0,0,0,0,0
label_4,1558,0,0,1,0,0,0,0,0
label_4,1559,0,0,1,0,0,0,0,0
label_4,1560,0,0,1,0,0,0,0,0
label_4,1561,0,0,1,0,0,0,0,0
label_4,1562,0,0,1,0,0,0,0,0
label_4,1563,0,0,1,0,0,0,0,0
label_4,1564,0,0,1,0,0,0,0,0
label_4,1565,0,0,1,0,0,0,0,0
label_4,1566,0,0,1,0,0,0,0,0
label_4,1567,0,0,1,0,0,0,0,0
label_4,1568,0,0,1,0,0,0,0,0
label_4,1569,0,0,1,0,0,0,0,0
label_4,1570,0,0,1,0,0,0,0,0
label_4,1571,0,0,1,0,0,0,0,0
label_4,1572,0,0,1,0,0,0,0,0
label_4,1573,0,0,1,0,0,0,0,0
label_4,1574,0,0,1,0,0,0,0,0
label_4,1575,0,0,1,0,0,0,0,0
label_4,1576,0,0,1,0,0,0,0,0
label_4,1577,0,0,1,0,0,0,0,0
label_4,1578,0,0,1,0,0,0,0,0
label_4,1579,0,0,1,0,0,0,0,0
label_4,1580,0,0,1,0,0,0,0,0
label_4,1581,0,0,1,0,0,0,0,0
label_4,1582,0,0,1,0,0,0,0,0
label_4,1583,0,0,1,0,0,0,0,0
label_4,1584,0,0,1,0,0,0,0,0
label_4,1585,0,0,1,0,0,0,0,0
label_4,1586,0,0,1,0,0,0,0,0
label_4,1587,0,0,1,0,0,0,0,0
label_4,1588,0,0,1,0,0,0,0,0
label_4,1589,0,0,1,0,0,0,0,0
label_4,1590,0,0,1,0,0,0,0,0
label_4,1591,0,0,1,0,0,0,0,0
label_4,1592,0,0,1,0,0,0,0,0
label_4,1593,0,0,1,0,0,0,0,0
label_4,1594,0,0,1,0,0,0,0,0
label_4,1595,0,0,1,0,0,0,0,0
label_4,1596,0,0,1,0,0,0,0,0
label_4,1597,0,0,1,0,0,0,0,0
label_4,1598,0,0,1,0,0,0,0,0
label_4,1599,0,0,1,0,0,0,0,0
label_4,1600,0,0,1,0,0,0,0,0
label_4,1601,0,0,1,0,0,0,0,0
label_4,1602,0,0,1,0,0,0,0,0
label_4,1603,0,0,1,0,0,0,0,0
label_4,1604,0,0,1,0,0,0,0,0
label_4,1605,0,0,1,0,0,0,0,0
label_4,1606,0,0,1,0,0,0,0,0
label_4,1607,0,0,1,0,0,0,0,0
label_4,1608,0,0,1,0,0,0,0,0
label_4,1609,0,0,1,0,0,0,0,0
label_4,1610,0,0,1,0,0,0,0,0
label_4,1611,0,0,1,0,0,0,0,0
label_4,1612,0,0,1,0,0,0,0,0
label_4,1613,0,0,1,0,0,0,0,0
label_4,1614,0,0,1,0,0,0,0,0
label_4,1615,0,0,1,0,0,0,0,0
label_4,1616,0,0,1,0,0,0,0,0
label_4,1617,0,0,1,0,0,0,0,0
label_4,1618,0,0,1,0,0,0,0,0
label_4,1619,0,0,1,0,0,0,0,0
label_4,1620,0,0,1,0,0,0,0,0
label_4,1621,0,0,1,0,0,0,0,0
label_4,1622,0,0,1,0,0,0,0,0
label_4,1623,0,0,1,0,0,0,0,0
label_4,1624,0,0,1,0,0,0,0,0
label_4,1645,0,3,0,0,0,0,0,0
label_4,1646,0,3,0,0,0,0,0,0
label_4,1647,0,3,0,0,0,0,0,0
label_4,1648,0,3,0,0,0,0,0,0
label_4,1649,0,3,0,0,0,0,0,0
label_4,1650,0,3,0,0,0,0,0,0
label_4,1651,0,3,0,0,0,0,0,0
label_4,1652,0,3,0,0,0,0,0,0
label_4,1653,0,3,0,0,0,0,0,0
label_4,1654,0,3,0,0,0,0,0,0
label_4,1655,0,3,0,0,0,0,0,0
label_4,1656,0,3,0,0,0,0,0,0
label_4,1657,0,3,0,0,0,0,0,0
label_4,1658,0,3,0,0,0,0,0,0
label_4,1659,0,3,0,0,0,0,0,0
label_4,1660,0,3,0,0,0,0,0,0
label_4,1661,0,3,0,0,0,0,0,0
label_4,1662,0,3,0,0,0,0,0,0
label_4,1663,0,3,0,0,0,0,0,0
label_4,1664,0,3,0,0,0,0,0,0
label_4,1665,0,3,0,0,0,0,0,0
label_4,1666,0,3,0,0,0,0,0,0
label_4,1667,0,3,0,0,0,0,0,0
label_4,1668,0,3,0,0,0,0,0,0
label_4,1669,0,3,0,0,0,0,0,0
label_4,1670,0,3,0,0,0,0,0,0
label_4,1671,0,3,0,0,0,0,0,0
label_4,1672,0,3,0,0,0,0,0,0
label_4,1673,0,3,0,0,0,0,0,0
label_4,1674,0,3,0,0,0,0,0,0
label_4,1675,0,3,0,0,0,0,0,0
label_4,1676,0,3,0,0,0,0,0,0
label_4,1677,0,3,0,0,0,0,0,0
label_4,1678,0,3,0,0,0,0,0,0
label_4,1679,0,3,0,0,0,0,0,0
label_4,1680,0,3,0,0,0,0,0,0
label_4,1681,0,2,0,0,0,0,0,0
label_4,1723,2,0,0,0,0,0,0,0
label_4,1724,2,0,0,0,0,0,0,0
label_4,1725,2,0,0,0,0,0,0,1
label_4,1726,2,0,0,0,0,0,0,1
label_4,1727,2,0,0,0,0,0,0,1
label_4,1728,2,0,0,0,0,0,0,1
label_4,1729,2,0,0,0,0,0,0,1
label_4,1730,2,0,0,0,0,0,0,1
label_4,1731,2,0,0,0,0,0,0,1
label_4,1732,2,1,0,0,0,0,0,1
label_4,1733,2,1,0,0,0,0,0,1
label_4,1734,2,1,0,0,0,0,0,1
label_4,1735,2,1,0,0,0,0,0,1
label_4,1736,2,1,0,0,0,0,0,1
label_4,1737,2,1,0,1,0,0,0,1
label_4,1738,2,1,0,1,0,0,0,1
label_4,1739,3,1,0,1,0,0,0,1
label_4,1740,3,2,0,1,0,1,0,1
label_4,1741,9,5,0,1,0,5,0,1
label_4,1742,9,5,0,1,0,5,0,1
label_4,1743,9,5,0,1,0,5,0,1
label_4,1744,9,5,0,1,0,5,0,1
label_4,1745,9,5,0,1,0,5,0,1
label_4,1746,9,5,0,1,0,5,0,1
label_4,1747,9,5,0,1,0,5,0,1
label_4,1748,9,5,0,1,0,5,0,1
label_4,1749,10,5,0,1,0,5,0,1
label_4,1750,11,5,0,1,0,5,0,1
label_4,1751,11,5,0,1,0,5,0,1
label_4,1752,11,5,0,1,0,5,0,1
label_4,1753,12,5,0,1,0,5,0,1
label_4,1754,14,8,0,1,0,8,0,1
label_4,1755,15,8,0,1,0,8,0,1
label_4,1756,18,8,0,1,0,8,0,1
label_4,1757,32,15,0,2,0,16,0,1
label_4,1758,32,15,0,2,0,17,0,1
label_4,1759,32,15,0,2,0,17,1,1
label_4,1760,33,15,0,2,0,17,1,1
label_4,1761,34,15,0,2,0,18,1,1
label_4,1762,34,15,0,2,0,20,1,1
label_4,1763,34,15,0,2,0,20,1,1
label_4,1764,35,15,0,2,0,20,1,1
label_4,1765,32,14,0,2,0,19,1,1
label_4,1766,36,15,0,2,0,20,1,1
label_4,1767,36,15,0,2,0,20,1,1
label_4,1768,36,15,0,2,0,20,1,1
label_4,1769,36,15,0,2,0,20,1,1
label_4,1770,36,15,0,2,0,20,1,1
label_4,1771,36,15,0,2,0,20,1,1
label_4,1772,36,15,0,2,0,20,1,1
label_4,1773,37,16,0,2,0,20,1,1
label_4,1774,37,16,0,2,0,20,1,1
label_4,1775,37,16,0,2,0,20,1,1
label_4,1776,37,16,0,2,0,20,2,1
label_4,1777,37,16,0,2,0,20,2,1
label_4,1778,37,16,0,2,0,20,2,1
label_4,1779,38,16,0,2,0,20,2,1
label_4,1780,38,16,0,2,0,20,2,1
label_4,1781,38,16,0,2,0,20,2,1
label_4,1782,38,16,0,2,0,20,2,1
label_4,1783,38,16,0,2,0,20,2,1
label_4,1784,38,16,0,2,0,20,2,1
label_4,1785,38,16,0,2,0,20,2,1
label_4,1786,38,16,0,2,0,20,2,1
label_4,1787,38,16,0,2,0,22,2,1
label_4,1788,40,17,0,2,0,22,4,3
label_4,1789,41,17,0,2,0,24,4,3
label_4,1790,42,17,0,2,0,24,4,3
label_4,1791,42,17,0,2,0,25,4,3
label_4,1792,42,17,0,4,0,25,4,3
label_4,1793,42,18,0,4,0,25,4,3
label_4,1794,42,18,0,4,0,25,4,3
label_4,1795,42,18,0,4,0,25,4,3
label_4,1796,42,20,0,4,0,25,4,3
label_4,1797,42,19,0,4,0,25,4,3
label_4,1798,42,20,0,4,0,25,4,3
label_4,1799,42,20,0,4,0,25,4,3
label_4,1800,44,20,0,4,0,25,4,3
label_4,1801,44,20,0,4,0,25,4,3
label_4,1802,44,20,0,4,0,25,4,3
label_4,1803,45,21,0,4,0,25,4,3
label_4,1804,45,21,0,4,0,25,4,3
label_4,1805,45,21,0,4,0,25,4,3
label_4,1806,45,21,0,4,0,25,4,3
label_4,1807,45,21,0,4,0,25,4,3
label_4,1808,45,21,0,4,0,25,4,3
label_4,1809,45,21,0,4,0,25,4,3
label_4,1810,45,21,0,4,0,25,4,3
label_4,1811,45,21,0,4,0,25,4,3
label_4,1812,46,21,0,4,0,25,4,3
label_4,1813,46,21,0,4,0,25,4,3
label_4,1814,47,21,0,4,0,25,4,3
label_4,1815,47,21,0,4,0,25,4,3
label_4,1816,47,21,0,4,0,25,4,3
label_4,1817,47,21,0,4,0,25,4,3
label_4,1818,47,21,0,4,0,25,4,3
label_4,1819,47,21,0,4,0,25,4,3
label_4,1820,47,21,0,4,0,25,4,3
label_4,1821,47,22,0,4,0,25,4,3
label_4,1822,47,22,0,4,0,25,4,3
label_4,1823,47,22,0,4,0,25,4,3
label_4,1824,48,22,0,4,0,25,4,3
label_4,1825,48,22,0,4,0,25,4,3
label_4,1826,48,22,0,4,0,25,4,3
label_4,1827,48,22,0,4,0,25,4,3
label_4,1828,48,22,0,4,0,25,4,3
label_4,1829,48,22,0,4,0,25,4,3
label_4,1830,48,22,0,4,0,25,4,3
label_4,1831,48,22,0,4,0,25,4,3
label_4,1832,48,22,0,4,0,25,4,3
label_4,1833,48,22,0,4,0,25,4,3
label_4,1834,48,22,0,4,0,25,4,3
label_4,1835,48,22,0,4,0,25,4,3
label_4,1836,47,22,0,3,0,25,4,3
label_4,1837,47,22,0,3,0,25,4,3
label_4,1838,47,22,0,3,0,25,4,3
label_4,1839,47,22,0,3,0,25,4,3
label_4,1840,46,23,0,3,0,25,4,3
label_4,1841,46,23,0,3,0,24,4,3
label_4,1842,46,23,0,3,0,24,4,3
label_4,1843,46,23,0,3,0,24,4,3
label_4,1844,46,23,0,3,0,24,4,3
label_4,1845,46,23,0,3,0,24,4,3
label_4,1846,46,23,0,3,0,24,4,3
label_4,1847,45,23,0,3,0,24,4,3
label_4,1848,45,23,0,3,0,24,4,3
label_4,1849,45,23,0,3,0,24,4,3
label_4,1850,45,23,0,2,0,22,4,3
label_4,1851,45,23,0,2,0,22,4,3
label_4,1852,44,23,0,2,0,22,4,3
label_4,1853,44,23,0,2,0,22,4,3
label_4,1854,44,22,0,2,0,20,4,3
label_4,1855,44,22,0,2,0,17,4,3
label_4,1856,44,21,0,2,0,17,4,3
label_4,1857,44,20,0,2,0,17,4,3
label_4,1858,43,20,0,2,0,17,3,3
label_4,1859,43,20,0,2,0,16,3,3
label_4,1860,43,20,0,2,0,16,3,3
label_4,1861,40,19,0,2,0,16,2,2
label_4,1862,39,19,0,2,0,15,2,2
label_4,1863,39,18,0,2,0,16,2,2
label_4,1864,39,18,0,2,0,16,2,1
label_4,1865,32,14,0,2,0,12,2,1
label_4,1866,26,14,0,2,0,12,2,1
label_4,1867,25,13,0,2,0,12,2,1
label_4,1868,22,13,0,2,0,11,2,1
label_4,1869,20,13,0,1,0,11,2,0
label_4,1870,20,13,0,0,0,11,2,0
label_4,1871,17,10,0,0,0,9,2,0
label_4,1872,16,8,0,0,0,8,2,0
label_4,1873,13,6,0,0,0,7,2,0
label_4,1874,11,6,0,0,0,7,2,0
label_4,1875,8,3,0,0,0,5,2,0
label_4,1876,8,3,0,0,0,5,2,0
label_4,1877,7,3,0,0,0,5,2,0
label_4,1878,7,3,0,0,0,5,2,0
label_4,1879,7,3,0,0,0,5,2,0
label_4,1880,7,3,0,0,0,5,2,0
label_4,1881,6,3,0,0,0,3,1,0
label_4,1882,5,3,0,0,0,3,1,0
label_4,1883,5,3,0,0,0,3,0,0
label_4,1884,5,3,0,0,0,3,0,0
label_4,1885,5,3,0,0,0,3,0,0
label_4,1886,5,3,0,0,0,3,0,0
label_4,1887,5,3,0,0,0,3,0,0
label_4,1888,5,3,0,0,0,2,0,0
label_4,1889,5,3,0,0,0,2,0,0
label_4,1890,5,3,0,0,0,2,0,0
label_4,1891,5,3,0,0,0,2,0,0
label_4,1892,5,3,0,0,0,2,0,0
label_4,1893,5,3,0,0,0,2,0,0
label_4,1894,5,3,0,0,0,2,0,0
label_4,1895,5,3,0,0,0,2,0,0
label_4,1896,5,3,0,0,0,2,0,0
label_4,1897,4,3,0,0,0,2,0,0
label_4,1898,4,3,0,0,0,1,0,0
label_4,1899,4,3,0,0,0,1,0,0
label_4,1900,4,2,0,0,0,0,0,0
label_4,1901,3,2,0,0,0,0,0,0
label_4,1902,3,2,0,0,0,0,0,0
label_4,1903,1,2,0,0,0,0,0,0
label_4,1904,1,1,0,0,0,0,0,0
label_4,1905,1,0,0,0,0,0,0,0
label_4,1906,1,0,0,0,0,0,0,0
label_4,2053,0,0,0,0,1,0,0,0
label_4,2054,0,0,0,0,1,0,0,0
label_4,2055,0,0,0,0,1,0,0,0
label_4,2056,0,0,0,0,1,0,0,0
label_4,2057,0,0,0,0,1,0,0,0
label_4,2058,0,0,0,0,1,0,0,0
label_4,2059,0,0,0,0,1,0,0,0
label_4,2060,0,0,0,0,1,0,0,0
label_4,2061,0,0,0,0,1,0,0,0
label_4,2062,0,0,0,0,2,0,0,0
label_4,2063,0,0,0,0,2,0,0,0
label_4,2064,0,0,0,0,2,0,0,0
label_4,2065,0,0,0,0,2,0,0,0
label_4,2066,0,0,0,0,2,0,0,0
label_4,2067,0,0,0,0,2,0,0,0
label_4,2068,0,0,0,0,2,0,0,0
label_4,2069,0,0,0,0,2,0,0,0
label_4,2070,0,0,0,0,2,0,0,0
label_4,2071,0,0,0,0,2,0,0,0
label_4,2072,0,0,0,0,2,0,0,0
label_4,2073,0,0,0,0,2,0,0,0
label_4,2074,0,0,0,0,2,0,0,0
label_4,2075,0,0,0,0,2,0,0,0
label_4,2076,0,0,0,0,2,0,0,0
label_4,2077,0,0,0,0,2,0,0,0
label_4,2078,0,0,0,0,2,0,0,0
label_4,2079,0,0,0,0,2,0,0,0
label_4,2080,0,0,0,0,2,0,0,0
label_4,2081,0,0,0,0,2,0,0,0
label_4,2082,0,0,0,0,2,0,0,0
label_4,2083,0,0,0,0,2,0,0,0
label_4,2084,0,1,0,0,2,0,0,0
label_4,2085,0,2,0,0,2,0,0,0
label_4,2086,0,2,0,0,2,0,0,0
label_4,2087,0,2,0,0,2,0,0,0
label_4,2088,0,2,0,0,2,0,0,0
label_4,2089,0,2,0,0,2,0,0,0
label_4,2090,0,2,0,0,2,0,0,0
label_4,2091,0,2,0,0,2,0,0,0
label_4,2092,0,2,0,0,2,0,0,0
label_4,2093,0,3,0,0,2,0,0,0
label_4,2094,0,3,0,0,2,0,0,0
label_4,2095,0,3,0,0,2,0,0,0
label_4,2096,0,3,0,0,2,0,0,0
label_4,2097,0,3,0,0,2,0,0,0
label_4,2098,0,3,0,0,2,0,0,0
label_4,2099,0,3,0,0,2,0,0,0
label_4,2100,0,3,0,0,2,0,0,0
label_4,2101,0,3,0,0,2,0,0,0
label_4,2102,0,3,0,0,2,0,0,0
label_4,2103,0,3,0,0,2,0,0,0
label_4,2104,0,3,0,0,2,0,0,0
label_4,2105,0,3,0,0,2,0,0,0
label_4,2106,0,3,0,0,2,0,0,0
label_4,2107,0,3,0,0,2,0,0,0
label_4,2108,0,3,0,0,2,0,0,0
label_4,2109,0,3,0,0,2,0,0,0
label_4,2110,0,3,0,0,2,0,0,0
label_4,2111,1,3,0,0,2,0,0,0
label_4,2112,1,3,0,0,2,0,0,0
label_4,2113,1,3,0,0,2,1,0,0
label_4,2114,5,4,0,0,2,1,0,2
label_4,2115,5,4,0,0,2,1,0,2
label_4,2116,5,4,0,0,2,1,0,2
label_4,2117,6,4,0,0,2,1,0,3
label_4,2118,6,4,0,0,2,1,0,3
label_4,2119,6,4,0,0,2,1,0,3
label_4,2120,6,5,0,0,2,1,0,3
label_4,2121,6,5,0,0,2,1,0,3
label_4,2122,6,5,0,0,2,1,0,3
label_4,2123,7,5,0,0,2,1,0,3
label_4,2124,7,5,0,0,2,1,0,3
label_4,2125,7,5,0,0,2,1,0,3
label_4,2126,7,5,0,0,2,1,0,4
label_4,2127,7,5,0,0,2,1,0,4
label_4,2128,7,5,0,0,2,1,0,4
label_4,2129,7,5,0,0,2,1,0,4
label_4,2130,7,5,0,0,2,2,0,5
label_4,2131,7,5,0,0,2,2,0,6
label_4,2132,7,5,0,0,2,2,0,6
label_4,2133,7,5,0,0,2,2,0,6
label_4,2134,7,5,0,0,2,2,0,7
label_4,2135,7,5,0,0,2,2,0,7
label_4,2136,8,5,0,0,2,2,2,7
label_4,2137,8,5,0,0,2,2,2,7
label_4,2138,8,5,0,0,2,2,2,7
label_4,2139,8,5,0,0,2,2,2,7
label_4,2140,8,5,0,1,2,2,3,7
label_4,2141,8,5,0,1,2,2,3,8
label_4,2142,8,8,0,1,6,5,3,8
label_4,2143,8,8,0,1,6,5,3,8
label_4,2144,8,8,0,1,6,5,3,8
label_4,2145,8,8,0,1,6,5,3,8
label_4,2146,8,8,0,1,6,5,3,8
label_4,2147,8,8,0,1,6,5,3,8
label_4,2148,8,8,0,1,6,5,3,8
label_4,2149,8,8,0,1,6,5,3,8
label_4,2150,8,8,0,1,6,5,3,8
label_4,2151,8,8,0,1,6,5,3,8
label_4,2152,8,8,0,1,6,5,3,8
label_4,2153,8,8,0,1,6,5,3,8
label_4,2154,8,8,0,1,6,5,3,8
label_4,2155,8,8,0,1,6,5,3,8
label_4,2156,8,8,0,1,6,5,3,8
label_4,2157,8,8,0,1,6,5,3,8
label_4,2158,8,8,0,1,6,5,3,8
label_4,2159,8,8,0,1,6,5,3,8
label_4,2160,8,8,0,1,6,5,3,8
label_4,2161,8,8,0,1,6,5,3,8
label_4,2162,8,8,0,1,6,5,3,8
label_4,2163,8,8,0,1,6,5,3,8
label_4,2164,8,8,0,1,6,5,3,8
label_4,2165,8,8,0,1,6,5,3,8
label_4,2166,8,8,0,1,6,5,3,8
label_4,2167,8,8,0,1,6,5,3,8
label_4,2168,8,8,0,1,6,5,3,8
label_4,2169,8,8,0,1,6,5,3,8
label_4,2170,8,8,0,1,6,6,3,8
label_4,2171,8,8,0,1,6,6,3,8
label_4,2172,0,0,0,0,0,1,0,0
label_4,2173,0,0,0,0,0,1,0,0
label_4,2174,2,0,0,0,0,1,0,0
label_4,2175,2,0,0,0,0,1,0,0
label_4,2176,2,0,0,0,0,1,0,0
label_4,2177,2,0,0,0,0,1,0,0
label_4,2178,2,0,0,0,0,1,0,0
label_4,2179,2,0,0,0,0,1,0,0
label_4,2180,2,0,0,0,0,1,0,0
label_4,2181,2,0,0,0,0,1,0,0
label_4,2182,2,0,0,0,0,1,0,0
label_4,2183,2,0,0,0,0,1,0,0
label_4,2184,2,0,0,0,0,1,0,0
label_4,2185,2,0,0,0,0,1,0,0
label_4,2186,2,0,0,0,0,1,0,0
label_4,2187,2,0,0,0,0,1,0,0
label_4,2188,2,0,0,0,0,1,0,0
label_4,2189,2,0,0,0,0,1,0,0
label_4,2190,2,0,0,0,0,1,0,0
label_4,2191,2,0,0,0,0,1,0,0
label_4,2192,2,0,0,0,0,1,0,0
label_4,2193,2,0,0,0,0,1,0,0
label_4,2194,2,0,0,0,0,1,0,0
label_4,2195,2,0,0,0,0,1,0,0
label_4,2196,2,0,0,0,0,1,0,0
label_4,2197,2,0,0,0,0,1,0,0
label_4,2198,2,0,0,0,0,1,0,0
label_4,2199,2,0,0,0,0,1,0,0
label_4,2200,3,0,0,0,0,1,0,0
label_4,2201,3,0,0,0,0,1,0,0
label_4,2202,3,1,0,0,0,1,0,0
label_4,2203,3,1,0,0,0,1,0,0
label_4,2204,3,2,0,0,0,1,0,0
label_4,2205,3,2,0,0,0,1,0,0
label_4,2206,3,2,0,0,0,1,0,0
label_4,2207,3,2,0,0,0,1,0,0
label_4,2208,3,2,0,0,0,1,0,0
label_4,2209,3,3,0,0,0,1,0,0
label_4,2210,3,3,0,0,0,1,0,0
label_4,2211,3,3,0,0,0,1,0,0
label_4,2212,3,3,0,0,0,1,0,0
label_4,2213,3,3,0,0,0,1,0,0
label_4,2214,3,3,0,0,0,1,0,0
label_4,2215,3,3,0,0,0,1,0,0
label_4,2216,3,3,0,0,0,1,0,0
label_4,2217,3,4,0,0,0,1,0,0
label_4,2218,3,4,0,0,0,1,0,0
label_4,2219,3,4,0,0,0,1,0,0
label_4,2220,3,4,0,0,0,2,0,0
label_4,2221,3,4,0,0,0,2,0,0
label_4,2222,4,4,0,0,0,2,0,0
label_4,2223,4,4,0,0,0,2,0,0
label_4,2224,4,4,0,0,0,2,0,0
label_4,2225,4,4,0,0,0,2,0,0
label_4,2226,4,4,0,0,0,2,0,0
label_4,2227,4,4,0,0,0,2,0,0
label_4,2228,4,4,0,0,0,2,0,0
label_4,2229,4,4,0,0,0,2,0,0
label_4,2230,4,4,0,0,0,2,0,0
label_4,2231,4,4,0,0,0,3,0,0
label_4,2232,4,5,0,0,0,3,0,0
label_4,2233,4,5,0,0,0,3,0,0
label_4,2234,5,5,0,0,0,3,0,0
label_4,2235,5,5,0,0,0,3,0,0
label_4,2236,5,5,0,0,0,3,0,0
label_4,2237,5,5,0,0,0,3,0,0
label_4,2238,5,7,0,0,0,3,0,0
label_4,2239,5,7,0,0,0,3,0,0
label_4,2240,5,7,0,0,0,3,0,0
label_4,2241,5,8,0,0,0,3,0,0
label_4,2242,5,8,0,0,0,3,0,0
label_4,2243,5,8,0,0,0,3,0,0
label_4,2244,6,8,0,0,0,3,0,0
label_4,2245,6,9,0,0,0,3,0,0
label_4,2246,6,9,0,0,0,3,0,0
label_4,2247,6,9,0,0,0,3,0,0
label_4,2248,6,9,0,0,0,3,0,0
label_4,2249,6,9,0,0,0,4,0,0
label_4,2250,6,9,0,0,0,4,0,0
label_4,2251,6,9,0,0,0,4,0,0
label_4,2252,6,9,0,0,0,5,0,0
label_4,2253,6,9,0,0,0,7,1,1
label_4,2254,6,9,0,0,0,7,1,1
label_4,2255,6,9,0,0,0,8,1,1
label_4,2256,6,9,0,0,0,8,1,1
label_4,2257,6,9,0,0,0,8,1,1
label_4,2258,6,9,0,0,0,8,1,1
label_4,2259,6,9,0,0,0,8,1,1
label_4,2260,6,9,0,0,0,8,1,1
label_4,2261,6,9,0,0,0,8,1,1
label_4,2262,6,9,0,0,0,8,1,1
label_4,2263,6,9,0,0,0,8,1,1
label_4,2264,6,9,0,0,0,8,1,1
label_4,2265,6,9,0,0,0,8,1,1
label_4,2266,6,9,0,0,0,8,1,1
label_4,2267,6,9,0,0,0,8,1,1
label_4,2268,6,9,0,0,0,8,1,1
label_4,2269,6,9,0,0,0,8,1,1
label_4,2270,6,9,0,0,0,8,1,1
label_4,2271,6,9,0,0,0,8,1,1
label_4,2272,6,9,0,0,0,8,1,1
label_4,2273,6,9,0,0,0,8,1,1
label_4,2274,6,9,0,0,0,8,1,1
label_4,2275,6,9,0,0,0,8,1,1
label_4,2276,6,9,0,0,0,8,1,1
label_4,2277,6,9,0,0,0,8,1,1
label_4,2278,6,9,0,0,0,8,1,1
label_4,2279,6,9,0,0,0,8,1,1
label_4,2280,6,9,0,0,0,8,1,1
label_4,2281,6,9,0,0,0,8,1,1
label_4,2282,6,9,0,0,0,8,1,1
label_4,2283,6,9,0,0,0,8,1,1
label_4,2284,6,9,0,0,0,8,1,1
label_4,2285,6,9,0,0,0,8,1,1
label_4,2286,6,10,0,0,0,8,1,1
label_4,2287,6,10,0,0,0,8,1,1
label_4,2288,6,10,0,0,0,8,1,1
label_4,2289,6,10,0,0,0,8,1,1
label_4,2290,6,10,0,0,0,8,1,1
label_4,2291,6,10,0,0,0,8,1,1
label_4,2292,6,10,0,0,0,8,1,1
label_4,2293,6,10,0,0,0,8,1,1
label_4,2294,6,10,0,0,0,8,1,1
label_4,2295,6,10,0,0,0,8,1,1
label_4,2296,6,10,0,0,0,8,1,1
label_4,2297,6,10,0,0,0,8,1,1
label_4,2298,6,12,0,0,0,8,1,1
label_4,2299,6,12,0,0,0,8,1,1
label_4,2300,6,12,0,0,0,8,1,1
label_4,2301,6,12,0,0,0,8,1,1
label_4,2302,6,12,0,0,0,8,1,1
label_4,2303,6,12,0,0,0,8,1,1
label_4,2304,6,12,0,0,0,8,1,1
label_4,2305,6,12,0,0,0,8,1,1
label_4,2306,6,12,0,0,0,8,1,1
label_4,2307,6,12,0,0,0,8,1,1
label_4,2308,6,12,0,0,0,8,1,1
label_4,2309,6,12,0,0,0,8,1,1
label_4,2310,6,12,0,0,0,8,1,1
label_4,2311,6,12,0,0,0,8,1,1
label_4,2312,6,12,0,0,0,8,1,1
label_4,2313,6,12,0,0,0,8,1,1
label_4,2314,6,12,0,0,0,8,1,1
label_4,2315,6,12,0,0,0,8,1,1
label_4,2316,6,12,0,0,0,7,1,1
label_4,2317,6,12,0,0,0,7,1,1
label_4,2318,6,12,0,0,0,7,1,1
label_4,2319,6,12,0,0,0,7,1,1
label_4,2320,6,12,0,0,0,7,1,1
label_4,2321,6,12,0,0,0,7,1,1
label_4,2322,6,12,0,0,0,7,1,1
label_4,2323,6,12,0,0,0,7,1,1
label_4,2324,4,12,0,0,0,7,1,1
label_4,2325,4,12,0,0,0,7,1,1
label_4,2326,4,12,0,0,0,7,1,1
label_4,2327,4,12,0,0,0,7,1,1
label_4,2328,4,12,0,0,0,7,1,1
label_4,2329,4,12,0,0,0,7,1,1
label_4,2330,4,12,0,0,0,7,1,1
label_4,2331,4,12,0,0,0,7,1,1
label_4,2332,4,12,0,0,0,7,1,1
label_4,2333,4,12,0,0,0,7,1,1
label_4,2334,4,12,0,0,0,7,1,1
label_4,2335,4,12,0,0,0,7,1,1
label_4,2336,4,12,0,0,0,7,1,1
label_4,2337,4,12,0,0,0,7,1,1
label_4,2338,5,12,0,0,0,8,1,1
label_4,2339,5,12,0,0,0,7,1,1
label_4,2340,5,12,0,0,0,7,1,1
label_4,2341,5,12,0,0,0,7,1,1
label_4,2342,5,12,0,0,0,7,2,1
label_4,2343,5,12,0,0,0,8,2,1
label_4,2344,6,12,0,0,1,8,2,1
label_4,2345,6,12,0,0,1,8,2,1
label_4,2346,6,12,0,0,1,8,2,1
label_4,2347,6,12,0,0,1,8,2,1
label_4,2348,6,12,0,0,2,8,2,1
label_4,2349,5,12,0,0,2,8,2,1
label_4,2350,5,12,0,0,2,8,2,1
label_4,2351,5,11,0,0,2,8,2,1
label_4,2352,5,11,0,0,2,8,2,1
label_4,2353,5,10,0,0,2,8,2,1
label_4,2354,5,10,0,0,2,8,2,1
label_4,2355,5,10,0,0,2,8,2,1
label_4,2356,5,10,0,0,2,8,2,1
label_4,2357,5,10,0,0,2,8,2,1
label_4,2358,5,9,0,0,2,8,2,1
label_4,2359,5,9,0,0,2,8,2,1
label_4,2360,5,9,0,0,2,8,2,1
label_4,2361,5,9,0,0,2,8,2,1
label_4,2362,5,9,0,0,2,8,2,1
label_4,2363,5,9,0,0,2,8,2,1
label_4,2364,5,9,0,0,2,8,2,1
label_4,2365,5,9,0,0,2,8,2,1
label_4,2366,5,8,0,0,2,8,2,1
label_4,2367,5,8,0,0,2,8,2,1
label_4,2368,5,8,0,0,2,8,2,1
label_4,2369,5,8,0,0,2,8,2,1
label_4,2370,5,8,0,0,2,8,2,1
label_4,2371,4,8,0,0,2,8,2,1
label_4,2372,4,8,0,0,2,8,2,1
label_4,2373,4,8,0,0,2,8,2,1
label_4,2374,4,8,0,0,2,8,2,1
label_4,2375,4,8,0,0,2,8,2,1
label_4,2376,4,8,0,0,2,8,2,1
label_4,2377,4,8,0,0,2,8,2,1
label_4,2378,4,8,0,0,2,8,2,1
label_4,2379,4,8,0,0,2,8,2,1
label_4,2380,5,8,0,0,2,7,2,1
label_4,2381,5,7,0,0,2,7,2,1
label_4,2382,5,7,0,0,2,7,2,1
label_4,2383,4,7,0,0,2,7,2,1
label_4,2384,4,7,0,0,2,7,2,1
label_4,2385,4,7,0,0,2,7,2,1
label_4,2386,4,7,0,0,2,7,2,1
label_4,2387,4,5,0,0,2,7,2,1
label_4,2388,4,5,0,0,3,7,2,1
label_4,2389,4,5,0,0,3,7,2,1
label_4,2390,4,4,0,0,3,6,2,1
label_4,2391,4,4,0,0,3,6,2,1
label_4,2392,4,4,0,0,3,6,2,1
label_4,2393,3,4,0,0,3,6,2,1
label_4,2394,3,3,0,0,3,6,2,1
label_4,2395,3,3,0,0,3,6,2,1
label_4,2396,3,3,0,0,3,6,2,1
label_4,2397,3,3,0,0,3,6,2,1
label_4,2398,3,3,0,0,3,5,2,1
label_4,2399,3,3,0,0,3,5,2,1
label_4,2400,3,3,0,0,3,5,2,1
label_4,2401,3,3,0,0,3,5,2,1
label_4,2402,3,3,0,0,3,3,1,0
label_4,2403,3,3,0,0,3,3,1,0
label_4,2404,3,3,0,0,3,2,1,0
label_4,2405,4,3,0,0,3,2,1,0
label_4,2406,4,3,0,0,3,2,1,0
label_4,2407,4,3,0,0,3,2,1,0
label_4,2408,4,3,0,0,3,2,1,0
label_4,2409,4,3,0,0,3,2,1,0
label_4,2410,4,3,0,0,3,2,1,0
label_4,2411,4,3,0,0,3,2,1,0
label_4,2412,4,3,0,0,3,2,1,0
label_4,2413,5,3,0,0,3,2,1,0
label_4,2414,5,3,0,0,3,2,1,0
label_4,2415,5,3,0,0,3,2,1,0
label_4,2416,5,3,0,0,3,2,1,0
label_4,2417,5,3,0,0,3,2,1,0
label_4,2418,5,3,0,0,3,2,1,0
label_4,2419,5,3,0,0,3,2,1,0
label_4,2420,5,3,0,0,3,2,1,0
label_4,2421,5,3,0,0,3,2,1,0
label_4,2422,5,3,0,0,3,2,1,0
label_4,2423,5,3,0,0,3,2,1,0
label_4,2424,5,3,0,0,3,2,1,0
label_4,2425,5,3,0,0,3,2,1,0
label_4,2426,5,3,0,0,3,2,1,0
label_4,2427,5,3,0,0,3,2,1,0
label_4,2428,5,3,0,0,3,2,1,0
label_4,2429,5,3,0,0,3,2,1,0
label_4,2430,5,3,0,0,3,2,1,0
label_4,2431,5,3,0,0,3,2,1,0
label_4,2432,5,3,0,0,3,2,1,0
label_4,2433,5,2,0,0,3,2,1,0
label_4,2434,5,2,0,0,3,2,1,0
label_4,2435,5,2,0,0,3,2,1,0
label_4,2436,5,2,0,0,3,2,1,0
label_4,2437,5,2,0,0,3,2,1,0
label_4,2438,5,2,0,0,3,2,1,0
label_4,2439,5,2,0,0,3,2,1,0
label_4,2440,5,2,0,0,3,2,1,0
label_4,2441,5,2,0,0,3,2,1,0
label_4,2442,5,2,0,0,3,2,1,0
label_4,2443,5,2,0,0,3,2,1,0
label_4,2444,5,2,0,0,3,2,1,0
label_4,2445,5,2,0,0,3,2,1,0
label_4,2446,5,0,0,0,3,2,1,0
label_4,2447,5,0,0,0,3,2,1,0
label_4,2448,5,0,0,0,3,2,1,0
label_4,2449,5,0,0,0,3,2,1,0
label_4,2450,5,0,0,0,3,2,1,0
label_4,2451,5,0,0,0,3,2,1,0
label_4,2452,5,0,0,0,3,2,1,0
label_4,2453,5,0,0,0,3,2,1,0
label_4,2454,5,0,0,0,3,2,1,0
label_4,2455,5,0,0,0,3,2,1,0
label_4,2456,5,0,0,0,3,2,1,0
label_4,2457,5,0,0,0,3,2,1,0
label_4,2458,5,0,0,0,3,2,1,0
label_4,2459,5,0,0,0,3,2,1,0
label_4,2460,5,0,0,0,3,2,1,0
label_4,2461,5,0,0,0,3,2,1,0
label_4,2462,5,0,0,0,3,2,1,0
label_4,2463,5,0,0,0,3,2,1,0
label_4,2464,5,0,0,0,3,2,1,0
label_4,2465,5,0,0,0,3,2,1,0
label_4,2466,5,0,0,0,3,2,1,0
label_4,2467,5,0,0,0,3,2,1,0
label_4,2468,5,0,0,0,3,2,1,0
label_4,2469,5,0,0,0,3,2,1,0
label_4,2470,5,0,0,0,3,2,1,0
label_4,2471,5,0,0,0,3,2,1,0
label_4,2472,5,0,0,0,3,2,1,0
label_4,2473,5,0,0,0,3,2,1,0
label_4,2474,5,0,0,0,3,2,1,0
label_4,2475,5,0,0,0,3,2,1,0
label_4,2476,5,0,0,0,3,2,1,0
label_4,2477,5,0,0,0,3,2,1,0
label_4,2478,5,0,0,0,3,2,1,0
label_4,2479,5,0,0,0,3,2,1,0
label_4,2480,5,0,0,0,3,2,1,0
label_4,2481,5,0,0,0,3,2,1,0
label_4,2482,5,0,0,0,3,2,1,0
label_4,2483,5,0,0,0,3,2,1,0
label_4,2484,5,0,0,0,3,2,1,0
label_4,2485,5,0,0,0,3,2,1,0
label_4,2486,5,0,0,0,3,1,1,0
label_4,2487,5,0,0,0,3,1,1,0
label_4,2488,5,0,0,0,3,1,1,0
label_4,2489,4,0,0,0,3,1,1,0
label_4,2490,4,0,0,0,3,1,1,0
label_4,2491,4,0,0,0,3,1,1,0
label_4,2492,4,0,0,0,3,1,1,0
label_4,2493,4,0,0,0,3,1,0,0
label_4,2494,4,0,0,0,3,0,0,0
label_4,2495,3,0,0,0,2,0,0,0
